-- --------------------------------------------------------
-- Host:                         127.0.0.1
-- Versión del servidor:         8.0.30 - MySQL Community Server - GPL
-- SO del servidor:              Win64
-- HeidiSQL Versión:             12.1.0.6537
-- --------------------------------------------------------

/*!40101 SET @OLD_CHARACTER_SET_CLIENT=@@CHARACTER_SET_CLIENT */;
/*!40101 SET NAMES utf8 */;
/*!50503 SET NAMES utf8mb4 */;
/*!40103 SET @OLD_TIME_ZONE=@@TIME_ZONE */;
/*!40103 SET TIME_ZONE='+00:00' */;
/*!40014 SET @OLD_FOREIGN_KEY_CHECKS=@@FOREIGN_KEY_CHECKS, FOREIGN_KEY_CHECKS=0 */;
/*!40101 SET @OLD_SQL_MODE=@@SQL_MODE, SQL_MODE='NO_AUTO_VALUE_ON_ZERO' */;
/*!40111 SET @OLD_SQL_NOTES=@@SQL_NOTES, SQL_NOTES=0 */;

-- Volcando datos para la tabla reservation_system.cache: ~6 rows (aproximadamente)
INSERT INTO `cache` (`key`, `value`, `expiration`) VALUES
	('laravel_cache_admin@example.com|127.0.0.1', 'i:3;', 1748544931),
	('laravel_cache_admin@example.com|127.0.0.1:timer', 'i:1748544931;', 1748544931),
	('laravel_cache_jhon969392668@gmail.com|127.0.0.1', 'i:1;', 1747759423),
	('laravel_cache_jhon969392668@gmail.com|127.0.0.1:timer', 'i:1747759423;', 1747759423),
	('laravel_cache_user@example.com|127.0.0.1', 'i:3;', 1747966979),
	('laravel_cache_user@example.com|127.0.0.1:timer', 'i:1747966979;', 1747966979);

-- Volcando datos para la tabla reservation_system.cache_locks: ~0 rows (aproximadamente)

-- Volcando datos para la tabla reservation_system.failed_jobs: ~0 rows (aproximadamente)

-- Volcando datos para la tabla reservation_system.jobs: ~0 rows (aproximadamente)

-- Volcando datos para la tabla reservation_system.job_batches: ~0 rows (aproximadamente)

-- Volcando datos para la tabla reservation_system.migrations: ~13 rows (aproximadamente)
INSERT INTO `migrations` (`id`, `migration`, `batch`) VALUES
	(1, '0001_01_01_000000_create_users_table', 1),
	(2, '0001_01_01_000001_create_cache_table', 1),
	(3, '0001_01_01_000002_create_jobs_table', 1),
	(4, '2025_05_16_203737_create_roles_table', 2),
	(5, '2025_05_16_203915_add_rol_id_to_users_table', 3),
	(6, '2025_05_16_204100_add_fields_to_users_table', 4),
	(7, '2025_05_16_204351_add_fields_to_users_table', 5),
	(8, '2025_05_16_204426_remove_name_from_users_table', 6),
	(9, '2025_05_16_204544_add_delete_at_to_users_table', 7),
	(10, '2025_05_16_204643_create_reservations_table', 8),
	(11, '2025_05_16_204748_create_reservations_details_table', 9),
	(12, '2025_05_23_205745_rename_and_resize__total_amount_column_in_reservations_table', 10),
	(13, '2025_05_29_203226_rename_amount_column_in_reservations_details', 11);

-- Volcando datos para la tabla reservation_system.password_reset_tokens: ~0 rows (aproximadamente)

-- Volcando datos para la tabla reservation_system.reservations: ~44 rows (aproximadamente)
INSERT INTO `reservations` (`id`, `user_id`, `consultant_id`, `reservation_date`, `start_time`, `end_time`, `reservation_status`, `total_amount`, `payment_status`, `cancellation_reason`, `created_at`, `updated_at`) VALUES
	(1, 10, 3, '2025-05-28', '10:00:00', '11:00:00', 'Confirmada', 677.89, 'Pendiente', NULL, '2025-05-24 01:51:56', '2025-05-24 01:51:56'),
	(2, 9, 3, '2025-05-30', '12:00:00', '13:00:00', 'Confirmada', 257.31, 'Pendiente', NULL, '2025-05-24 01:51:56', '2025-05-24 01:51:56'),
	(3, 13, 4, '2025-05-29', '13:00:00', '14:00:00', 'Cancelada', 532.99, 'Pendiente', NULL, '2025-05-24 01:51:56', '2025-05-24 01:51:56'),
	(4, 12, 4, '2025-06-12', '10:00:00', '11:00:00', 'Cancelada', 336.07, 'Fallido', NULL, '2025-05-24 01:51:56', '2025-05-24 01:51:56'),
	(5, 11, 2, '2025-06-13', '15:00:00', '16:00:00', 'Pendiente', 100.33, 'Pagado', NULL, '2025-05-24 01:51:56', '2025-05-24 01:51:56'),
	(6, 5, 4, '2025-05-26', '12:00:00', '13:00:00', 'Pendiente', 234.25, 'Pagado', NULL, '2025-05-24 02:03:54', '2025-05-24 02:03:54'),
	(7, 6, 4, '2025-06-21', '14:00:00', '15:00:00', 'Cancelada', 675.01, 'Pagado', 'Motivos personales.', '2025-05-24 02:03:55', '2025-06-01 19:45:18'),
	(8, 7, 2, '2025-05-30', '13:00:00', '14:00:00', 'Pendiente', 277.71, 'Pagado', NULL, '2025-05-24 02:03:55', '2025-05-24 02:03:55'),
	(9, 5, 3, '2025-06-15', '15:00:00', '16:00:00', 'Cancelada', 867.61, 'Pendiente', 'Cancelación de Prueba', '2025-05-24 02:03:55', '2025-05-28 22:35:00'),
	(10, 10, 2, '2025-06-18', '13:00:00', '14:00:00', 'Pendiente', 82.19, 'Pagado', NULL, '2025-05-24 02:03:55', '2025-05-24 02:03:55'),
	(11, 7, 2, '2025-05-25', '10:00:00', '11:00:00', 'Pendiente', 50.00, 'Pendiente', NULL, '2025-05-25 04:18:12', '2025-05-25 04:18:12'),
	(12, 8, 4, '2025-06-05', '11:00:00', '12:00:00', 'Cancelada', 50.00, 'Pagado', 'Motivos personales.', '2025-05-25 04:29:50', '2025-05-25 21:28:52'),
	(13, 14, 3, '2025-05-31', '09:00:00', '10:00:00', 'Cancelada', 50.00, 'Pendiente', 'Motivos personales.', '2025-05-25 04:38:31', '2025-05-25 21:12:32'),
	(14, 5, 3, '2025-06-06', '13:00:00', '14:00:00', 'Confirmada', 50.00, 'Pagado', NULL, '2025-05-30 22:08:21', '2025-05-30 22:08:21'),
	(15, 5, 3, '2025-06-06', '11:00:00', '12:00:00', 'Confirmada', 50.00, 'Pagado', NULL, '2025-05-30 22:13:58', '2025-05-30 22:13:58'),
	(16, 5, 2, '2025-06-07', '13:00:00', '14:00:00', 'Confirmada', 50.00, 'Pagado', NULL, '2025-05-30 22:16:11', '2025-05-30 22:16:11'),
	(17, 5, 3, '2025-06-05', '12:00:00', '13:00:00', 'Confirmada', 50.00, 'Pagado', NULL, '2025-05-30 22:20:55', '2025-05-30 22:20:55'),
	(18, 5, 3, '2025-06-04', '12:00:00', '13:00:00', 'Confirmada', 50.00, 'Pagado', NULL, '2025-05-30 22:35:45', '2025-05-30 22:35:45'),
	(19, 5, 3, '2025-06-01', '11:00:00', '12:00:00', 'Confirmada', 50.00, 'Pagado', NULL, '2025-05-30 23:01:57', '2025-05-30 23:01:57'),
	(20, 5, 4, '2025-06-04', '15:00:00', '16:00:00', 'Confirmada', 50.00, 'Pagado', NULL, '2025-05-31 00:19:38', '2025-05-31 00:19:38'),
	(21, 5, 3, '2025-05-30', '13:00:00', '14:00:00', 'Confirmada', 50.00, 'Pagado', NULL, '2025-05-31 00:38:17', '2025-05-31 00:38:17'),
	(22, 5, 3, '2025-05-30', '13:00:00', '14:00:00', 'Confirmada', 50.00, 'Pagado', NULL, '2025-05-31 00:40:07', '2025-05-31 00:40:07'),
	(27, 5, 3, '2025-06-06', '13:00:00', '14:00:00', 'Confirmada', 50.00, 'Pagado', NULL, '2025-05-31 01:17:58', '2025-05-31 01:17:58'),
	(28, 5, 3, '2025-05-30', '11:00:00', '12:00:00', 'Confirmada', 50.00, 'Pagado', NULL, '2025-05-31 01:20:13', '2025-05-31 01:20:13'),
	(31, 5, 3, '2025-06-06', '13:00:00', '14:00:00', 'Confirmada', 50.00, 'Pagado', NULL, '2025-05-31 02:07:59', '2025-05-31 02:07:59'),
	(32, 5, 3, '2025-06-10', '12:00:00', '13:00:00', 'Confirmada', 50.00, 'Pagado', NULL, '2025-05-31 02:22:35', '2025-05-31 02:22:35'),
	(33, 5, 3, '2025-06-01', '12:00:00', '13:00:00', 'Confirmada', 50.00, 'Pagado', NULL, '2025-05-31 04:51:03', '2025-05-31 04:51:03'),
	(34, 6, 3, '2025-06-06', '14:00:00', '15:00:00', 'Cancelada', 50.00, 'Pagado', 'Extras.', '2025-06-01 01:55:35', '2025-06-01 19:46:35'),
	(35, 6, 3, '2025-06-05', '13:00:00', '14:00:00', 'Confirmada', 50.00, 'Pagado', NULL, '2025-06-01 02:02:11', '2025-06-01 02:02:11'),
	(36, 6, 3, '2025-06-06', '13:00:00', '14:00:00', 'Confirmada', 50.00, 'Pagado', NULL, '2025-06-01 02:05:43', '2025-06-01 02:05:43'),
	(37, 6, 2, '2025-06-07', '12:00:00', '13:00:00', 'Confirmada', 50.00, 'Pagado', NULL, '2025-06-01 02:21:16', '2025-06-01 02:21:16'),
	(38, 6, 4, '2025-06-01', '12:00:00', '13:00:00', 'Confirmada', 50.00, 'Pagado', NULL, '2025-06-01 02:51:30', '2025-06-01 02:51:30'),
	(39, 6, 3, '2025-06-02', '14:00:00', '15:00:00', 'Confirmada', 50.00, 'Pagado', NULL, '2025-06-01 02:54:50', '2025-06-01 02:54:50'),
	(40, 6, 3, '2025-06-03', '14:00:00', '15:00:00', 'Confirmada', 50.00, 'Pagado', NULL, '2025-06-01 03:01:21', '2025-06-01 03:01:21'),
	(41, 6, 3, '2025-06-10', '13:00:00', '14:00:00', 'Confirmada', 50.00, 'Pagado', NULL, '2025-06-01 03:28:41', '2025-06-01 03:28:41'),
	(42, 6, 2, '2025-06-12', '12:00:00', '13:00:00', 'Confirmada', 50.00, 'Pagado', NULL, '2025-06-01 03:40:38', '2025-06-01 03:40:38'),
	(43, 6, 4, '2025-06-14', '15:00:00', '16:00:00', 'Confirmada', 50.00, 'Pagado', NULL, '2025-06-01 03:45:12', '2025-06-01 03:45:12'),
	(44, 6, 3, '2025-06-04', '12:00:00', '13:00:00', 'Confirmada', 50.00, 'Pagado', NULL, '2025-06-03 03:15:52', '2025-06-03 03:15:52'),
	(45, 13, 4, '2025-06-05', '12:00:00', '13:00:00', 'Confirmada', 50.00, 'Pendiente', NULL, '2025-06-03 03:41:52', '2025-06-03 03:41:52'),
	(46, 7, 2, '2025-06-04', '09:00:00', '10:00:00', 'Confirmada', 50.00, 'Pendiente', NULL, '2025-06-03 03:48:26', '2025-06-03 03:48:26'),
	(47, 5, 2, '2025-06-04', '11:00:00', '12:00:00', 'Confirmada', 50.00, 'Pendiente', NULL, '2025-06-03 03:52:02', '2025-06-03 03:52:02'),
	(48, 6, 3, '2025-06-04', '14:00:00', '15:00:00', 'Confirmada', 50.00, 'Pagado', NULL, '2025-06-03 03:53:25', '2025-06-03 03:53:25'),
	(49, 6, 3, '2025-07-02', '15:00:00', '16:00:00', 'Confirmada', 50.00, 'Pagado', NULL, '2025-06-03 03:55:35', '2025-06-03 03:55:35'),
	(50, 6, 3, '2025-06-26', '13:00:00', '14:00:00', 'Confirmada', 50.00, 'Pagado', NULL, '2025-06-03 03:57:24', '2025-06-03 03:57:24');

-- Volcando datos para la tabla reservation_system.reservations_details: ~14 rows (aproximadamente)
INSERT INTO `reservations_details` (`id`, `reservation_id`, `transaction_id`, `payer_id`, `payer_email`, `payment_status`, `amount`, `response_json`, `created_at`, `updated_at`) VALUES
	(1, 31, '4GM00209RK386640Y', 'RM3ADYG2ZJ6PL', 'sb-47msjm43059848@personal.example.com', 'COMPLETED', 50.00, '{"id":"4GM00209RK386640Y","intent":"CAPTURE","status":"COMPLETED","purchase_units":[{"reference_id":"default","amount":{"currency_code":"USD","value":"50.00"},"payee":{"email_address":"sb-sytbo39883242@business.example.com","merchant_id":"9C4847W5S69HQ"},"shipping":{"name":{"full_name":"John GOD"},"address":{"address_line_1":"Free Trade Zone","admin_area_2":"Lima","admin_area_1":"Lima","postal_code":"07001","country_code":"PE"}},"payments":{"captures":[{"id":"3FM92509CR063981P","status":"COMPLETED","amount":{"currency_code":"USD","value":"50.00"},"final_capture":true,"seller_protection":{"status":"ELIGIBLE","dispute_categories":["ITEM_NOT_RECEIVED","UNAUTHORIZED_TRANSACTION"]},"create_time":"2025-05-30T21:08:00Z","update_time":"2025-05-30T21:08:00Z"}]}}],"payer":{"name":{"given_name":"John","surname":"GOD"},"email_address":"sb-47msjm43059848@personal.example.com","payer_id":"RM3ADYG2ZJ6PL","address":{"country_code":"PE"}},"create_time":"2025-05-30T21:07:51Z","update_time":"2025-05-30T21:08:00Z","links":[{"href":"https:\\/\\/api.sandbox.paypal.com\\/v2\\/checkout\\/orders\\/4GM00209RK386640Y","rel":"self","method":"GET"}]}', '2025-05-31 02:07:59', '2025-05-31 02:07:59'),
	(2, 32, '0PW28546CY265961P', 'RM3ADYG2ZJ6PL', 'sb-47msjm43059848@personal.example.com', 'COMPLETED', 50.00, '{"id":"0PW28546CY265961P","intent":"CAPTURE","status":"COMPLETED","purchase_units":[{"reference_id":"default","amount":{"currency_code":"USD","value":"50.00"},"payee":{"email_address":"sb-sytbo39883242@business.example.com","merchant_id":"9C4847W5S69HQ"},"shipping":{"name":{"full_name":"John GOD"},"address":{"address_line_1":"Free Trade Zone","admin_area_2":"Lima","admin_area_1":"Lima","postal_code":"07001","country_code":"PE"}},"payments":{"captures":[{"id":"26U853336J463274B","status":"COMPLETED","amount":{"currency_code":"USD","value":"50.00"},"final_capture":true,"seller_protection":{"status":"ELIGIBLE","dispute_categories":["ITEM_NOT_RECEIVED","UNAUTHORIZED_TRANSACTION"]},"create_time":"2025-05-30T21:22:36Z","update_time":"2025-05-30T21:22:36Z"}]}}],"payer":{"name":{"given_name":"John","surname":"GOD"},"email_address":"sb-47msjm43059848@personal.example.com","payer_id":"RM3ADYG2ZJ6PL","address":{"country_code":"PE"}},"create_time":"2025-05-30T21:22:27Z","update_time":"2025-05-30T21:22:36Z","links":[{"href":"https:\\/\\/api.sandbox.paypal.com\\/v2\\/checkout\\/orders\\/0PW28546CY265961P","rel":"self","method":"GET"}]}', '2025-05-31 02:22:35', '2025-05-31 02:22:35'),
	(3, 33, '1B31969720764974G', 'RM3ADYG2ZJ6PL', 'sb-47msjm43059848@personal.example.com', 'COMPLETED', 50.00, '{"id":"1B31969720764974G","intent":"CAPTURE","status":"COMPLETED","purchase_units":[{"reference_id":"default","amount":{"currency_code":"USD","value":"50.00"},"payee":{"email_address":"sb-sytbo39883242@business.example.com","merchant_id":"9C4847W5S69HQ"},"shipping":{"name":{"full_name":"John GOD"},"address":{"address_line_1":"Free Trade Zone","admin_area_2":"Lima","admin_area_1":"Lima","postal_code":"07001","country_code":"PE"}},"payments":{"captures":[{"id":"44F712423W5714920","status":"COMPLETED","amount":{"currency_code":"USD","value":"50.00"},"final_capture":true,"seller_protection":{"status":"ELIGIBLE","dispute_categories":["ITEM_NOT_RECEIVED","UNAUTHORIZED_TRANSACTION"]},"create_time":"2025-05-30T23:51:04Z","update_time":"2025-05-30T23:51:04Z"}]}}],"payer":{"name":{"given_name":"John","surname":"GOD"},"email_address":"sb-47msjm43059848@personal.example.com","payer_id":"RM3ADYG2ZJ6PL","address":{"country_code":"PE"}},"create_time":"2025-05-30T23:50:40Z","update_time":"2025-05-30T23:51:04Z","links":[{"href":"https:\\/\\/api.sandbox.paypal.com\\/v2\\/checkout\\/orders\\/1B31969720764974G","rel":"self","method":"GET"}]}', '2025-05-31 04:51:03', '2025-05-31 04:51:03'),
	(4, 34, '4D661103KU7735355', 'RM3ADYG2ZJ6PL', 'sb-47msjm43059848@personal.example.com', 'COMPLETED', 50.00, '{"id":"4D661103KU7735355","intent":"CAPTURE","status":"COMPLETED","purchase_units":[{"reference_id":"default","amount":{"currency_code":"USD","value":"50.00"},"payee":{"email_address":"sb-sytbo39883242@business.example.com","merchant_id":"9C4847W5S69HQ"},"shipping":{"name":{"full_name":"John GOD"},"address":{"address_line_1":"Free Trade Zone","admin_area_2":"Lima","admin_area_1":"Lima","postal_code":"07001","country_code":"PE"}},"payments":{"captures":[{"id":"11312789G8448283Y","status":"COMPLETED","amount":{"currency_code":"USD","value":"50.00"},"final_capture":true,"seller_protection":{"status":"ELIGIBLE","dispute_categories":["ITEM_NOT_RECEIVED","UNAUTHORIZED_TRANSACTION"]},"create_time":"2025-05-31T20:55:37Z","update_time":"2025-05-31T20:55:37Z"}]}}],"payer":{"name":{"given_name":"John","surname":"GOD"},"email_address":"sb-47msjm43059848@personal.example.com","payer_id":"RM3ADYG2ZJ6PL","address":{"country_code":"PE"}},"create_time":"2025-05-31T20:55:05Z","update_time":"2025-05-31T20:55:37Z","links":[{"href":"https:\\/\\/api.sandbox.paypal.com\\/v2\\/checkout\\/orders\\/4D661103KU7735355","rel":"self","method":"GET"}]}', '2025-06-01 01:55:35', '2025-06-01 01:55:35'),
	(5, 35, '5WJ249322M7538507', 'RM3ADYG2ZJ6PL', 'sb-47msjm43059848@personal.example.com', 'COMPLETED', 50.00, '{"id":"5WJ249322M7538507","intent":"CAPTURE","status":"COMPLETED","purchase_units":[{"reference_id":"default","amount":{"currency_code":"USD","value":"50.00"},"payee":{"email_address":"sb-sytbo39883242@business.example.com","merchant_id":"9C4847W5S69HQ"},"shipping":{"name":{"full_name":"John GOD"},"address":{"address_line_1":"Free Trade Zone","admin_area_2":"Lima","admin_area_1":"Lima","postal_code":"07001","country_code":"PE"}},"payments":{"captures":[{"id":"2XW27682GL554474L","status":"COMPLETED","amount":{"currency_code":"USD","value":"50.00"},"final_capture":true,"seller_protection":{"status":"ELIGIBLE","dispute_categories":["ITEM_NOT_RECEIVED","UNAUTHORIZED_TRANSACTION"]},"create_time":"2025-05-31T21:02:13Z","update_time":"2025-05-31T21:02:13Z"}]}}],"payer":{"name":{"given_name":"John","surname":"GOD"},"email_address":"sb-47msjm43059848@personal.example.com","payer_id":"RM3ADYG2ZJ6PL","address":{"country_code":"PE"}},"create_time":"2025-05-31T21:02:02Z","update_time":"2025-05-31T21:02:13Z","links":[{"href":"https:\\/\\/api.sandbox.paypal.com\\/v2\\/checkout\\/orders\\/5WJ249322M7538507","rel":"self","method":"GET"}]}', '2025-06-01 02:02:11', '2025-06-01 02:02:11'),
	(6, 36, '79387607SV969115P', 'RM3ADYG2ZJ6PL', 'sb-47msjm43059848@personal.example.com', 'COMPLETED', 50.00, '{"id":"79387607SV969115P","intent":"CAPTURE","status":"COMPLETED","purchase_units":[{"reference_id":"default","amount":{"currency_code":"USD","value":"50.00"},"payee":{"email_address":"sb-sytbo39883242@business.example.com","merchant_id":"9C4847W5S69HQ"},"shipping":{"name":{"full_name":"John GOD"},"address":{"address_line_1":"Free Trade Zone","admin_area_2":"Lima","admin_area_1":"Lima","postal_code":"07001","country_code":"PE"}},"payments":{"captures":[{"id":"2GL77122CJ596822K","status":"COMPLETED","amount":{"currency_code":"USD","value":"50.00"},"final_capture":true,"seller_protection":{"status":"ELIGIBLE","dispute_categories":["ITEM_NOT_RECEIVED","UNAUTHORIZED_TRANSACTION"]},"create_time":"2025-05-31T21:05:45Z","update_time":"2025-05-31T21:05:45Z"}]}}],"payer":{"name":{"given_name":"John","surname":"GOD"},"email_address":"sb-47msjm43059848@personal.example.com","payer_id":"RM3ADYG2ZJ6PL","address":{"country_code":"PE"}},"create_time":"2025-05-31T21:05:36Z","update_time":"2025-05-31T21:05:45Z","links":[{"href":"https:\\/\\/api.sandbox.paypal.com\\/v2\\/checkout\\/orders\\/79387607SV969115P","rel":"self","method":"GET"}]}', '2025-06-01 02:05:43', '2025-06-01 02:05:43'),
	(7, 37, '23C85574KP990662A', 'RM3ADYG2ZJ6PL', 'sb-47msjm43059848@personal.example.com', 'COMPLETED', 50.00, '{"id":"23C85574KP990662A","intent":"CAPTURE","status":"COMPLETED","purchase_units":[{"reference_id":"default","amount":{"currency_code":"USD","value":"50.00"},"payee":{"email_address":"sb-sytbo39883242@business.example.com","merchant_id":"9C4847W5S69HQ"},"shipping":{"name":{"full_name":"John GOD"},"address":{"address_line_1":"Free Trade Zone","admin_area_2":"Lima","admin_area_1":"Lima","postal_code":"07001","country_code":"PE"}},"payments":{"captures":[{"id":"1RY48330DL443681U","status":"COMPLETED","amount":{"currency_code":"USD","value":"50.00"},"final_capture":true,"seller_protection":{"status":"ELIGIBLE","dispute_categories":["ITEM_NOT_RECEIVED","UNAUTHORIZED_TRANSACTION"]},"create_time":"2025-05-31T21:21:18Z","update_time":"2025-05-31T21:21:18Z"}]}}],"payer":{"name":{"given_name":"John","surname":"GOD"},"email_address":"sb-47msjm43059848@personal.example.com","payer_id":"RM3ADYG2ZJ6PL","address":{"country_code":"PE"}},"create_time":"2025-05-31T21:20:51Z","update_time":"2025-05-31T21:21:18Z","links":[{"href":"https:\\/\\/api.sandbox.paypal.com\\/v2\\/checkout\\/orders\\/23C85574KP990662A","rel":"self","method":"GET"}]}', '2025-06-01 02:21:16', '2025-06-01 02:21:16'),
	(8, 38, '9GS95721C63310117', 'RM3ADYG2ZJ6PL', 'sb-47msjm43059848@personal.example.com', 'COMPLETED', 50.00, '{"id":"9GS95721C63310117","intent":"CAPTURE","status":"COMPLETED","purchase_units":[{"reference_id":"default","amount":{"currency_code":"USD","value":"50.00"},"payee":{"email_address":"sb-sytbo39883242@business.example.com","merchant_id":"9C4847W5S69HQ"},"shipping":{"name":{"full_name":"John GOD"},"address":{"address_line_1":"Free Trade Zone","admin_area_2":"Lima","admin_area_1":"Lima","postal_code":"07001","country_code":"PE"}},"payments":{"captures":[{"id":"9PK11367R8210381X","status":"COMPLETED","amount":{"currency_code":"USD","value":"50.00"},"final_capture":true,"seller_protection":{"status":"ELIGIBLE","dispute_categories":["ITEM_NOT_RECEIVED","UNAUTHORIZED_TRANSACTION"]},"create_time":"2025-05-31T21:51:33Z","update_time":"2025-05-31T21:51:33Z"}]}}],"payer":{"name":{"given_name":"John","surname":"GOD"},"email_address":"sb-47msjm43059848@personal.example.com","payer_id":"RM3ADYG2ZJ6PL","address":{"country_code":"PE"}},"create_time":"2025-05-31T21:51:03Z","update_time":"2025-05-31T21:51:33Z","links":[{"href":"https:\\/\\/api.sandbox.paypal.com\\/v2\\/checkout\\/orders\\/9GS95721C63310117","rel":"self","method":"GET"}]}', '2025-06-01 02:51:30', '2025-06-01 02:51:30'),
	(9, 39, '44M47701JR3436050', 'RM3ADYG2ZJ6PL', 'sb-47msjm43059848@personal.example.com', 'COMPLETED', 50.00, '{"id":"44M47701JR3436050","intent":"CAPTURE","status":"COMPLETED","purchase_units":[{"reference_id":"default","amount":{"currency_code":"USD","value":"50.00"},"payee":{"email_address":"sb-sytbo39883242@business.example.com","merchant_id":"9C4847W5S69HQ"},"shipping":{"name":{"full_name":"John GOD"},"address":{"address_line_1":"Free Trade Zone","admin_area_2":"Lima","admin_area_1":"Lima","postal_code":"07001","country_code":"PE"}},"payments":{"captures":[{"id":"64F990757L759291R","status":"COMPLETED","amount":{"currency_code":"USD","value":"50.00"},"final_capture":true,"seller_protection":{"status":"ELIGIBLE","dispute_categories":["ITEM_NOT_RECEIVED","UNAUTHORIZED_TRANSACTION"]},"create_time":"2025-05-31T21:54:52Z","update_time":"2025-05-31T21:54:52Z"}]}}],"payer":{"name":{"given_name":"John","surname":"GOD"},"email_address":"sb-47msjm43059848@personal.example.com","payer_id":"RM3ADYG2ZJ6PL","address":{"country_code":"PE"}},"create_time":"2025-05-31T21:54:43Z","update_time":"2025-05-31T21:54:52Z","links":[{"href":"https:\\/\\/api.sandbox.paypal.com\\/v2\\/checkout\\/orders\\/44M47701JR3436050","rel":"self","method":"GET"}]}', '2025-06-01 02:54:50', '2025-06-01 02:54:50'),
	(10, 40, '1NP00714BN161911F', 'RM3ADYG2ZJ6PL', 'sb-47msjm43059848@personal.example.com', 'COMPLETED', 50.00, '{"id":"1NP00714BN161911F","intent":"CAPTURE","status":"COMPLETED","purchase_units":[{"reference_id":"default","amount":{"currency_code":"USD","value":"50.00"},"payee":{"email_address":"sb-sytbo39883242@business.example.com","merchant_id":"9C4847W5S69HQ"},"shipping":{"name":{"full_name":"John GOD"},"address":{"address_line_1":"Free Trade Zone","admin_area_2":"Lima","admin_area_1":"Lima","postal_code":"07001","country_code":"PE"}},"payments":{"captures":[{"id":"2AC25422R7851542G","status":"COMPLETED","amount":{"currency_code":"USD","value":"50.00"},"final_capture":true,"seller_protection":{"status":"ELIGIBLE","dispute_categories":["ITEM_NOT_RECEIVED","UNAUTHORIZED_TRANSACTION"]},"create_time":"2025-05-31T22:01:23Z","update_time":"2025-05-31T22:01:23Z"}]}}],"payer":{"name":{"given_name":"John","surname":"GOD"},"email_address":"sb-47msjm43059848@personal.example.com","payer_id":"RM3ADYG2ZJ6PL","address":{"country_code":"PE"}},"create_time":"2025-05-31T22:01:15Z","update_time":"2025-05-31T22:01:23Z","links":[{"href":"https:\\/\\/api.sandbox.paypal.com\\/v2\\/checkout\\/orders\\/1NP00714BN161911F","rel":"self","method":"GET"}]}', '2025-06-01 03:01:21', '2025-06-01 03:01:21'),
	(11, 41, '5EW53541LW527145E', 'RM3ADYG2ZJ6PL', 'sb-47msjm43059848@personal.example.com', 'COMPLETED', 50.00, '{"id":"5EW53541LW527145E","intent":"CAPTURE","status":"COMPLETED","purchase_units":[{"reference_id":"default","amount":{"currency_code":"USD","value":"50.00"},"payee":{"email_address":"sb-sytbo39883242@business.example.com","merchant_id":"9C4847W5S69HQ"},"shipping":{"name":{"full_name":"John GOD"},"address":{"address_line_1":"Free Trade Zone","admin_area_2":"Lima","admin_area_1":"Lima","postal_code":"07001","country_code":"PE"}},"payments":{"captures":[{"id":"58A79254YT590172K","status":"COMPLETED","amount":{"currency_code":"USD","value":"50.00"},"final_capture":true,"seller_protection":{"status":"ELIGIBLE","dispute_categories":["ITEM_NOT_RECEIVED","UNAUTHORIZED_TRANSACTION"]},"create_time":"2025-05-31T22:28:43Z","update_time":"2025-05-31T22:28:43Z"}]}}],"payer":{"name":{"given_name":"John","surname":"GOD"},"email_address":"sb-47msjm43059848@personal.example.com","payer_id":"RM3ADYG2ZJ6PL","address":{"country_code":"PE"}},"create_time":"2025-05-31T22:28:14Z","update_time":"2025-05-31T22:28:43Z","links":[{"href":"https:\\/\\/api.sandbox.paypal.com\\/v2\\/checkout\\/orders\\/5EW53541LW527145E","rel":"self","method":"GET"}]}', '2025-06-01 03:28:41', '2025-06-01 03:28:41'),
	(12, 42, '14T28068LR2204333', 'RM3ADYG2ZJ6PL', 'sb-47msjm43059848@personal.example.com', 'COMPLETED', 50.00, '{"id":"14T28068LR2204333","intent":"CAPTURE","status":"COMPLETED","purchase_units":[{"reference_id":"default","amount":{"currency_code":"USD","value":"50.00"},"payee":{"email_address":"sb-sytbo39883242@business.example.com","merchant_id":"9C4847W5S69HQ"},"shipping":{"name":{"full_name":"John GOD"},"address":{"address_line_1":"Free Trade Zone","admin_area_2":"Lima","admin_area_1":"Lima","postal_code":"07001","country_code":"PE"}},"payments":{"captures":[{"id":"10832367R18658810","status":"COMPLETED","amount":{"currency_code":"USD","value":"50.00"},"final_capture":true,"seller_protection":{"status":"ELIGIBLE","dispute_categories":["ITEM_NOT_RECEIVED","UNAUTHORIZED_TRANSACTION"]},"create_time":"2025-05-31T22:40:40Z","update_time":"2025-05-31T22:40:40Z"}]}}],"payer":{"name":{"given_name":"John","surname":"GOD"},"email_address":"sb-47msjm43059848@personal.example.com","payer_id":"RM3ADYG2ZJ6PL","address":{"country_code":"PE"}},"create_time":"2025-05-31T22:40:32Z","update_time":"2025-05-31T22:40:40Z","links":[{"href":"https:\\/\\/api.sandbox.paypal.com\\/v2\\/checkout\\/orders\\/14T28068LR2204333","rel":"self","method":"GET"}]}', '2025-06-01 03:40:38', '2025-06-01 03:40:38'),
	(13, 43, '3V989898SM309320P', 'RM3ADYG2ZJ6PL', 'sb-47msjm43059848@personal.example.com', 'COMPLETED', 50.00, '{"id":"3V989898SM309320P","intent":"CAPTURE","status":"COMPLETED","purchase_units":[{"reference_id":"default","amount":{"currency_code":"USD","value":"50.00"},"payee":{"email_address":"sb-sytbo39883242@business.example.com","merchant_id":"9C4847W5S69HQ"},"shipping":{"name":{"full_name":"John GOD"},"address":{"address_line_1":"Free Trade Zone","admin_area_2":"Lima","admin_area_1":"Lima","postal_code":"07001","country_code":"PE"}},"payments":{"captures":[{"id":"2X257449J3180691N","status":"COMPLETED","amount":{"currency_code":"USD","value":"50.00"},"final_capture":true,"seller_protection":{"status":"ELIGIBLE","dispute_categories":["ITEM_NOT_RECEIVED","UNAUTHORIZED_TRANSACTION"]},"create_time":"2025-05-31T22:45:14Z","update_time":"2025-05-31T22:45:14Z"}]}}],"payer":{"name":{"given_name":"John","surname":"GOD"},"email_address":"sb-47msjm43059848@personal.example.com","payer_id":"RM3ADYG2ZJ6PL","address":{"country_code":"PE"}},"create_time":"2025-05-31T22:42:01Z","update_time":"2025-05-31T22:45:14Z","links":[{"href":"https:\\/\\/api.sandbox.paypal.com\\/v2\\/checkout\\/orders\\/3V989898SM309320P","rel":"self","method":"GET"}]}', '2025-06-01 03:45:12', '2025-06-01 03:45:12'),
	(14, 44, '3CD95954HY0125138', 'RM3ADYG2ZJ6PL', 'sb-47msjm43059848@personal.example.com', 'COMPLETED', 50.00, '{"id":"3CD95954HY0125138","intent":"CAPTURE","status":"COMPLETED","purchase_units":[{"reference_id":"default","amount":{"currency_code":"USD","value":"50.00"},"payee":{"email_address":"sb-sytbo39883242@business.example.com","merchant_id":"9C4847W5S69HQ"},"shipping":{"name":{"full_name":"John GOD"},"address":{"address_line_1":"Free Trade Zone","admin_area_2":"Lima","admin_area_1":"Lima","postal_code":"07001","country_code":"PE"}},"payments":{"captures":[{"id":"8FN888829Y982101N","status":"COMPLETED","amount":{"currency_code":"USD","value":"50.00"},"final_capture":true,"seller_protection":{"status":"ELIGIBLE","dispute_categories":["ITEM_NOT_RECEIVED","UNAUTHORIZED_TRANSACTION"]},"create_time":"2025-06-02T22:15:53Z","update_time":"2025-06-02T22:15:53Z"}]}}],"payer":{"name":{"given_name":"John","surname":"GOD"},"email_address":"sb-47msjm43059848@personal.example.com","payer_id":"RM3ADYG2ZJ6PL","address":{"country_code":"PE"}},"create_time":"2025-06-02T22:15:33Z","update_time":"2025-06-02T22:15:53Z","links":[{"href":"https:\\/\\/api.sandbox.paypal.com\\/v2\\/checkout\\/orders\\/3CD95954HY0125138","rel":"self","method":"GET"}]}', '2025-06-03 03:15:52', '2025-06-03 03:15:52');

-- Volcando datos para la tabla reservation_system.roles: ~3 rows (aproximadamente)
INSERT INTO `roles` (`id`, `name`, `created_at`, `updated_at`) VALUES
	(1, 'Administrador', '2025-05-17 03:35:17', '2025-05-24 05:26:42'),
	(2, 'Asesor', '2025-05-17 03:35:17', '2025-05-17 03:35:17'),
	(3, 'Usuario', '2025-05-17 03:35:17', '2025-05-17 03:35:17');

-- Volcando datos para la tabla reservation_system.sessions: ~1 rows (aproximadamente)
INSERT INTO `sessions` (`id`, `user_id`, `ip_address`, `user_agent`, `payload`, `last_activity`) VALUES
	('4glmZkVIIaKdMf8bt2Gz7Y6eKtKSAtQbkkJ5Mhjb', NULL, '127.0.0.1', 'Mozilla/5.0 (Windows NT 10.0; Win64; x64) AppleWebKit/537.36 (KHTML, like Gecko) Chrome/137.0.0.0 Safari/537.36', 'YTozOntzOjY6Il90b2tlbiI7czo0MDoiQVRIY3FNSFlhbWpWNGpCQ3FvbUhNZENnYTFkT3RlVDB1dWI4SExPeSI7czo2OiJfZmxhc2giO2E6Mjp7czozOiJvbGQiO2E6MDp7fXM6MzoibmV3IjthOjA6e319czo5OiJfcHJldmlvdXMiO2E6MTp7czozOiJ1cmwiO3M6MTMxOiJodHRwOi8vMTI3LjAuMC4xOjgwMDAvd2VsY29tZS9mdWxsY2FsZW5kYXI/ZW5kPTIwMjUtMDctMTNUMDAlM0EwMCUzQTAwJnN0YXJ0PTIwMjUtMDYtMDFUMDAlM0EwMCUzQTAwJnRpbWVab25lPUFtZXJpY2ElMkZNZXhpY29fQ2l0eSI7fX0=', 1749242183);

-- Volcando datos para la tabla reservation_system.users: ~19 rows (aproximadamente)
INSERT INTO `users` (`id`, `nombres`, `apellidos`, `telefono`, `rol_id`, `email`, `foto`, `email_verified_at`, `password`, `remember_token`, `created_at`, `updated_at`, `deleted_at`) VALUES
	(1, 'Admin', 'Principal', '963852741', 1, 'admin@admin.com', 'fotos/dym9cnamMjve9nv3xXImx9N0tLOBmPRhRdEryp9v.jpg', NULL, '$2y$12$yORkTV40.15RyAWN39VrOOnNvpRGumXWpmvfVLHYWx.yKMICRg3G6', NULL, '2025-05-17 03:36:24', '2025-06-02 01:30:22', NULL),
	(2, 'Braeden', 'Koelpin', '1-316-731-7757', 2, 'jordon22@example.net', NULL, '2025-05-17 03:36:24', '$2y$12$QzV.h7uzcJONNsX2fTQUP.rQ/eByjgA6DBDB4MPfEHAlLwMlbBWoK', 'WlbCKEV5CROyDVBfh5t1DzMV8x7mEP7rD3NnoHybKIq0A3n9VrLZR87SHW8y', '2025-05-17 03:36:25', '2025-05-17 03:36:25', NULL),
	(3, 'Finn', 'Sauer', '612-533-8924', 2, 'simonis.macy@example.org', NULL, '2025-05-17 03:36:25', '$2y$12$zYyGiqh9A1mHrL34lNiTgessM1BcAGrN3A/TGH3YrU3qtyozoNQWa', 'LvL97qwDGf', '2025-05-17 03:36:25', '2025-05-17 03:36:25', NULL),
	(4, 'Alessia', 'Rath', '+16505843896', 2, 'vern97@example.net', 'fotos/CtVqKqskO4CPVrhvunstn6B0QaVbDrzwm6TUuKLR.jpg', '2025-05-17 03:36:25', '$2y$12$a.drUT4tQsURZg0cS1ltTe39JOShQLmfTDnncVEQfROl2luVtM4/i', 'DtQeKmrR5W', '2025-05-17 03:36:25', '2025-06-02 02:01:11', NULL),
	(5, 'Clay', 'Gorczany', '(520) 363-5274', 3, 'xbraun@example.net', NULL, '2025-05-17 03:36:25', '$2y$12$kJgqcPEwz6w/dr..kPI7L.Cj94Gwy4TUem7pbwxnca8zwEuHMwAlu', 'IsRTlAptpvwfWIH62FCaRCZGnc3jnUK0wDlxcaF4kW0KNYiCDUm1i9Q8rQi5', '2025-05-17 03:36:27', '2025-05-17 03:36:27', NULL),
	(6, 'Bret', 'Dickens', '51969392668', 3, 'jhongodwin.98@gmail.com', NULL, '2025-05-17 03:36:25', '$2y$12$H/7mEMaOOBYZX4Clrrya4.IOIc0mNSdNH8V2603vV92051E7e09b.', 'ZfcwWcWbb1Svo32G9BcxpZev8XbbuJ84l6Pon9cUx3mwPdpW4UWgStceBk9q', '2025-05-17 03:36:27', '2025-05-17 03:36:27', NULL),
	(7, 'Cyrus', 'Littel', '815.519.8712', 3, 'lynch.rudolph@example.net', NULL, '2025-05-17 03:36:26', '$2y$12$Apmh7DmssGcdl4aUp2I9AOd/itqenXTAv4uwP7eLLP1gOwfV2.ArC', 'RyJLL3swcr', '2025-05-17 03:36:27', '2025-05-17 03:36:27', NULL),
	(8, 'Lacey', 'Donnelly', '(614) 737-7294', 3, 'gabriella67@example.com', 'fotos/4TY5okaEQ8KcVjzxWYtlLAn0qyJtQWgUb1ITcbcy.jpg', '2025-05-17 03:36:26', '$2y$12$fNGrDerrYZgDVa/XUzmdIeaGJGiT8NqTKBTP3sS.PMpJ0J9GZEQN.', 'utzEgzrnjm', '2025-05-17 03:36:27', '2025-06-02 01:42:01', NULL),
	(9, 'Ismael', 'Davis', '(339) 960-2904', 3, 'misty31@example.org', NULL, '2025-05-17 03:36:26', '$2y$12$HdTWokmu1sjKvSn74/2iheZgsZLnTo/WQKHXyalXtwae9lsxQEf0W', 'DD4IkLebwL', '2025-05-17 03:36:28', '2025-05-17 03:36:28', NULL),
	(10, 'Ova', 'Grimes', '+1-318-932-7826', 2, 'casper.bergnaum@example.com', NULL, '2025-05-17 03:36:26', '$2y$12$ZSQWoozBe77CNwLhCa4WLutAzY348XIRHhjvQ3PW10q2G.wUOVOcW', 'yCS99ARRzO', '2025-05-17 03:36:28', '2025-06-07 01:36:15', NULL),
	(11, 'Francesco', 'Stiedemann', '+18052135669', 3, 'titus63@example.com', NULL, '2025-05-17 03:36:27', '$2y$12$Z01cuftIGYMoW4wIBCfmbeBwlsGIaM.PDA.EpeeVg4W7LchB5Ec5G', '7KSzxjPcR5', '2025-05-17 03:36:28', '2025-05-17 03:36:28', NULL),
	(12, 'Verdie', 'Connelly', '+14074193594', 2, 'mills.brett@example.com', NULL, '2025-05-17 03:36:27', '$2y$12$ak25XDTTklAqQwthdb1f7eEUXB.pbIGbdS2p.6WNho3F7CxwZJnWy', 'i2D3kLYUik', '2025-05-17 03:36:28', '2025-06-07 01:36:06', NULL),
	(13, 'Magdalena', 'King', '559-283-2107', 3, 'vlindgren@example.org', NULL, '2025-05-17 03:36:27', '$2y$12$DOmGOJWTd1SCcqikW4PDcepzRDXy.OFukBpMDZKk0dzICuuowAbYe', 'UXlFFaoM2X', '2025-05-17 03:36:28', '2025-05-17 03:36:28', NULL),
	(14, 'Caterina', 'Becker', '(952) 657-2779', 3, 'xabshire@example.net', NULL, '2025-05-17 03:36:27', '$2y$12$LGnvOrz9jB/gNSp2EL6La.R.cclWCY7jhhdGZG1xW9X0lckwZmIw6', 'u8cXndgMfi', '2025-05-17 03:36:28', '2025-05-17 03:36:28', NULL),
	(15, 'test', 'test', '21345678', 3, 'test@test.com', NULL, NULL, '$2y$12$HVEf4co9V6EbI7Z3HHQ9Y.5ZkcqAs37F/XUWxd1bz01ZBHd2vfnb.', NULL, '2025-05-20 03:06:33', '2025-05-23 20:53:12', '2025-05-23 20:53:12'),
	(16, 'test_p', 'test_p', '2134567840', 3, 'admin@example.com', 'fotos/MkS956ITHaIeL90H3ilQVN1O4iXFToc2ePU4dtke.jpg', NULL, '$2y$12$9Zbf5pVI5eAUzx5vud/niOVsb0kAETSsnGERsLPr0jmP5iZzTPTHS', NULL, '2025-05-23 02:38:51', '2025-05-23 20:50:50', '2025-05-23 20:50:50'),
	(17, 'test_p3', 'test_p3', '213456783', 3, 'user@example.com', 'fotos/MbBH5JRQizheDh7OmUB3Qkkpn6w5yMc3ibhYG0BO.jpg', NULL, '$2y$12$4eLAA3mQB/tu07ji7o.2Hu2iP7ud9Y6jTa/rTGEN3POpD1LG4HiYC', NULL, '2025-05-23 03:09:56', '2025-05-23 20:45:12', '2025-05-23 20:45:12'),
	(18, 'test_p2', 'test_p2', '21345678100', 3, 'test2@test.com', 'fotos/1VuCue7DF3yodo8aHjmM1uvLg8yNombRuBWkd4Ak.jpg', NULL, '$2y$12$KjqWRktB.4ugOlhbugwoN.2/uwEKEG50iV0kHhPxB9hBWTmBwANb.', NULL, '2025-05-23 07:35:15', '2025-05-23 21:00:38', '2025-05-23 21:00:38'),
	(19, 'new user', 'new user', '7465168', 3, 'newuser@example.com', NULL, NULL, '$2y$12$8iS2UpffW7i3RL.lNn2diOOvYPxq8.AcMMQ8FCMHgDSBjOzdZ2ePq', NULL, '2025-06-02 01:42:54', '2025-06-02 01:42:54', NULL);

/*!40103 SET TIME_ZONE=IFNULL(@OLD_TIME_ZONE, 'system') */;
/*!40101 SET SQL_MODE=IFNULL(@OLD_SQL_MODE, '') */;
/*!40014 SET FOREIGN_KEY_CHECKS=IFNULL(@OLD_FOREIGN_KEY_CHECKS, 1) */;
/*!40101 SET CHARACTER_SET_CLIENT=@OLD_CHARACTER_SET_CLIENT */;
/*!40111 SET SQL_NOTES=IFNULL(@OLD_SQL_NOTES, 1) */;
